country_name,country_code,year,suicide_data,homicide_data,intentional_death,gini_index
albania,alb,2002,4.48,216.0,220.48,0.32
albania,alb,2005,6.91,154.0,160.91,0.31
albania,alb,2008,6.95,93.0,99.95,0.3
albania,alb,2012,4.09,157.0,161.09,0.29
albania,alb,2014,3.8,134.0,137.8,0.35
albania,alb,2015,3.58,64.0,67.58,0.33
albania,alb,2016,3.45,79.0,82.45,0.34
albania,alb,2017,3.29,58.0,61.29,0.33
albania,alb,2018,3.14,66.0,69.14,0.3
albania,alb,2019,3.03,65.0,68.03,0.3
albania,alb,2020,2.51,61.0,63.51,0.29
algeria,dza,2011,2.52,280.0,282.52,0.28
armenia,arm,2001,3.22,88.0,91.22,0.35
armenia,arm,2002,3.35,69.0,72.35,0.35
armenia,arm,2004,3.61,83.0,86.61,0.38
armenia,arm,2005,3.86,58.0,61.86,0.36
armenia,arm,2006,5.6,79.0,84.6,0.3
armenia,arm,2007,5.25,77.0,82.25,0.31
armenia,arm,2008,4.23,97.0,101.23,0.29
armenia,arm,2009,4.01,97.0,101.01,0.28
armenia,arm,2010,5.97,56.0,61.97,0.3
armenia,arm,2011,5.81,71.0,76.81,0.29
armenia,arm,2012,6.53,65.0,71.53,0.3
armenia,arm,2013,5.41,63.0,68.41,0.31
armenia,arm,2014,4.67,72.0,76.67,0.31
armenia,arm,2015,4.58,75.0,79.58,0.32
armenia,arm,2016,4.56,87.0,91.56,0.33
armenia,arm,2017,2.47,70.0,72.47,0.34
armenia,arm,2018,1.78,50.0,51.78,0.34
armenia,arm,2019,1.86,73.0,74.86,0.3
armenia,arm,2020,1.42,75.0,76.42,0.25
armenia,arm,2021,1.85,90.0,91.85,0.28
australia,aus,2001,12.08,347.0,359.08,0.33
australia,aus,2003,10.22,302.0,312.22,0.33
australia,aus,2004,9.76,263.0,272.76,0.33
australia,aus,2008,10.99,261.0,271.99,0.35
australia,aus,2010,10.87,231.0,241.87,0.35
australia,aus,2014,11.79,243.0,254.79,0.34
australia,aus,2016,11.3,227.0,238.3,0.34
australia,aus,2018,12.15,221.0,233.15,0.34
australia,aus,2020,11.87,221.0,232.87,0.34
austria,aut,2000,15.73,82.0,97.73,0.29
austria,aut,2003,14.07,50.0,64.07,0.29
austria,aut,2004,13.55,59.0,72.55,0.3
austria,aut,2005,13.26,54.0,67.26,0.29
austria,aut,2006,12.39,61.0,73.39,0.3
austria,aut,2007,12.2,45.0,57.2,0.31
austria,aut,2008,11.57,58.0,69.57,0.3
austria,aut,2009,11.79,51.0,62.79,0.31
austria,aut,2010,12.17,61.0,73.17,0.3
austria,aut,2011,12.12,77.0,89.12,0.31
austria,aut,2012,11.69,81.0,92.69,0.3
austria,aut,2013,11.39,61.0,72.39,0.31
austria,aut,2014,12.23,42.0,54.230000000000004,0.31
austria,aut,2015,11.61,44.0,55.61,0.31
austria,aut,2016,11.42,54.0,65.42,0.31
austria,aut,2017,11.09,70.0,81.09,0.3
austria,aut,2018,11.3,86.0,97.3,0.31
austria,aut,2019,10.43,77.0,87.43,0.3
austria,aut,2020,9.84,65.0,74.84,0.3
austria,aut,2021,10.15,65.0,75.15,0.31
azerbaijan,aze,2001,2.77,218.0,220.77,0.36
azerbaijan,aze,2002,2.81,212.0,214.81,0.25
bangladesh,bgd,2000,5.24,3343.0,3348.24,0.33
bangladesh,bgd,2005,4.6,3592.0,3596.6,0.33
bangladesh,bgd,2010,4.0,3988.0,3992.0,0.32
bangladesh,bgd,2016,3.1,3591.0,3594.1,0.32
barbados,brb,2016,3.93,22.0,25.93,0.34
belarus,blr,2000,35.31,1013.0,1048.31,0.31
belarus,blr,2001,34.93,969.0,1003.93,0.31
belarus,blr,2002,35.51,989.0,1024.51,0.3
belarus,blr,2007,28.7,649.0,677.7,0.3
belarus,blr,2008,30.38,552.0,582.38,0.28
belarus,blr,2009,30.46,487.0,517.46,0.28
belarus,blr,2010,28.67,401.0,429.67,0.29
belarus,blr,2011,28.76,373.0,401.76,0.27
belarus,blr,2012,23.58,340.0,363.58,0.27
belarus,blr,2013,21.04,333.0,354.04,0.27
belarus,blr,2014,19.48,340.0,359.48,0.27
belarus,blr,2015,17.78,326.0,343.78,0.26
belarus,blr,2016,16.96,307.0,323.96,0.25
belarus,blr,2017,15.29,240.0,255.29,0.25
belarus,blr,2018,15.04,226.0,241.04,0.25
belarus,blr,2019,13.96,225.0,238.96,0.25
belgium,bel,2000,18.4,212.0,230.4,0.33
belgium,bel,2021,14.31,125.0,139.31,0.27
belize,blz,2018,6.12,143.0,149.12,0.4
bhutan,btn,2003,7.27,5.0,12.27,0.41
bhutan,btn,2007,6.54,14.0,20.54,0.38
bhutan,btn,2012,5.77,33.0,38.769999999999996,0.39
bhutan,btn,2017,5.69,13.0,18.69,0.37
bolivia,bol,2015,6.28,543.0,549.28,0.47
bolivia,bol,2016,6.24,642.0,648.24,0.45
bolivia,bol,2017,6.16,747.0,753.16,0.45
bolivia,bol,2018,6.01,574.0,580.01,0.43
bolivia,bol,2019,5.92,497.0,502.92,0.42
bolivia,bol,2020,5.64,428.0,433.64,0.44
bolivia,bol,2021,5.08,418.0,423.08,0.41
bosnia and herzegovina,bih,2001,9.79,82.0,91.78999999999999,0.3
bosnia and herzegovina,bih,2004,9.02,68.0,77.02,0.34
bosnia and herzegovina,bih,2007,9.47,66.0,75.47,0.33
bosnia and herzegovina,bih,2011,8.19,51.0,59.19,0.33
botswana,bwa,2002,15.38,255.0,270.38,0.62
botswana,bwa,2009,20.12,289.0,309.12,0.57
brazil,bra,2001,5.14,47955.0,47960.14,0.58
brazil,bra,2002,5.03,49710.0,49715.03,0.58
brazil,bra,2003,4.98,51064.0,51068.98,0.58
brazil,bra,2004,5.02,48394.0,48399.02,0.56
brazil,bra,2005,5.25,47593.0,47598.25,0.56
brazil,bra,2006,5.17,49165.0,49170.17,0.56
brazil,bra,2007,5.34,47731.0,47736.34,0.55
brazil,bra,2008,5.52,50135.0,50140.52,0.54
brazil,bra,2009,5.45,51461.0,51466.45,0.54
brazil,bra,2011,5.42,52233.0,52238.42,0.53
brazil,bra,2012,5.51,56388.0,56393.51,0.53
brazil,bra,2013,5.61,56845.0,56850.61,0.53
brazil,bra,2014,5.61,59733.0,59738.61,0.52
brazil,bra,2015,5.82,58184.0,58189.82,0.52
brazil,bra,2016,5.9,61208.0,61213.9,0.53
brazil,bra,2017,6.47,63788.0,63794.47,0.53
brazil,bra,2018,6.21,55980.0,55986.21,0.54
brazil,bra,2019,6.19,44073.0,44079.19,0.54
brazil,bra,2020,6.33,47722.0,47728.33,0.49
brazil,bra,2021,6.91,45562.0,45568.91,0.53
bulgaria,bgr,2006,9.38,186.0,195.38,0.36
bulgaria,bgr,2007,8.5,177.0,185.5,0.36
bulgaria,bgr,2008,9.09,172.0,181.09,0.34
bulgaria,bgr,2009,8.49,150.0,158.49,0.34
bulgaria,bgr,2010,8.48,148.0,156.48,0.36
bulgaria,bgr,2011,7.93,128.0,135.93,0.34
bulgaria,bgr,2012,8.82,141.0,149.82,0.36
bulgaria,bgr,2013,7.38,109.0,116.38,0.37
bulgaria,bgr,2014,7.19,112.0,119.19,0.37
bulgaria,bgr,2015,6.82,126.0,132.82,0.39
bulgaria,bgr,2016,6.62,79.0,85.62,0.41
bulgaria,bgr,2017,6.7,103.0,109.7,0.4
bulgaria,bgr,2018,6.64,92.0,98.64,0.41
bulgaria,bgr,2019,6.09,83.0,89.09,0.4
bulgaria,bgr,2020,6.68,69.0,75.68,0.41
bulgaria,bgr,2021,6.27,89.0,95.27,0.39
burundi,bdi,2013,14.07,520.0,534.07,0.39
cameroon,cmr,2001,13.62,755.0,768.62,0.42
canada,can,2000,11.21,546.0,557.21,0.33
canada,can,2001,11.37,554.0,565.37,0.34
canada,can,2002,11.02,582.0,593.02,0.34
canada,can,2003,11.53,549.0,560.53,0.34
canada,can,2004,10.94,625.0,635.94,0.34
canada,can,2005,11.24,664.0,675.24,0.34
canada,can,2006,10.18,608.0,618.18,0.34
canada,can,2007,10.56,597.0,607.56,0.34
canada,can,2008,10.66,614.0,624.66,0.34
canada,can,2009,11.08,610.0,621.08,0.34
canada,can,2010,11.1,557.0,568.1,0.34
canada,can,2011,10.38,609.0,619.38,0.33
canada,can,2012,10.89,549.0,559.89,0.34
canada,can,2013,10.94,509.0,519.94,0.34
canada,can,2014,11.53,525.0,536.53,0.33
canada,can,2015,11.59,611.0,622.59,0.34
canada,can,2016,9.94,616.0,625.94,0.33
canada,can,2017,10.33,665.0,675.33,0.33
canada,can,2018,10.97,662.0,672.97,0.33
canada,can,2019,11.05,689.0,700.05,0.32
canada,can,2020,10.21,765.0,775.21,0.3
canada,can,2021,8.09,801.0,809.09,0.31
cape verde,cpv,2015,16.89,46.0,62.89,0.42
chile,chl,2003,9.69,513.0,522.69,0.51
chile,chl,2006,9.69,590.0,599.69,0.48
chile,chl,2009,12.1,630.0,642.1,0.47
chile,chl,2011,11.0,636.0,647.0,0.47
chile,chl,2013,9.2,556.0,565.2,0.47
chile,chl,2015,9.4,419.0,428.4,0.45
chile,chl,2017,9.07,779.0,788.07,0.45
chile,chl,2020,7.29,1115.0,1122.29,0.47
china,chn,2002,15.41,26276.0,26291.41,0.42
china,chn,2005,13.91,20770.0,20783.91,0.41
china,chn,2008,10.75,14811.0,14821.75,0.43
china,chn,2010,9.56,13410.0,13419.56,0.44
china,chn,2011,8.86,12015.0,12023.86,0.42
china,chn,2012,8.22,11286.0,11294.22,0.42
china,chn,2013,7.81,10640.0,10647.81,0.4
china,chn,2014,7.53,10083.0,10090.53,0.39
china,chn,2015,7.29,9200.0,9207.29,0.39
china,chn,2016,7.17,8634.0,8641.17,0.38
china,chn,2017,7.08,7990.0,7997.08,0.39
china,chn,2018,7.06,7525.0,7532.06,0.38
china,chn,2019,6.98,7379.0,7385.98,0.38
china,chn,2020,6.91,7157.0,7163.91,0.37
colombia,col,2000,5.51,26539.0,26544.51,0.58
colombia,col,2001,5.42,27840.0,27845.42,0.57
colombia,col,2002,5.0,28387.0,28392.0,0.56
colombia,col,2003,4.97,23523.0,23527.97,0.54
colombia,col,2004,4.94,20210.0,20214.94,0.55
colombia,col,2005,4.53,18111.0,18115.53,0.54
colombia,col,2008,4.42,16140.0,16144.42,0.55
colombia,col,2009,4.24,15817.0,15821.24,0.54
colombia,col,2010,3.98,15459.0,15462.98,0.55
colombia,col,2011,3.8,16127.0,16130.8,0.53
colombia,col,2012,3.87,16440.0,16443.87,0.53
colombia,col,2013,3.73,15422.0,15425.73,0.53
colombia,col,2014,3.78,13343.0,13346.78,0.53
colombia,col,2015,4.08,12783.0,12787.08,0.51
colombia,col,2016,4.22,12402.0,12406.22,0.51
colombia,col,2017,4.49,12298.0,12302.49,0.5
colombia,col,2018,4.84,11678.0,11682.84,0.5
colombia,col,2019,4.88,11678.0,11682.88,0.51
colombia,col,2020,4.59,11464.0,11468.59,0.53
colombia,col,2021,4.71,13094.0,13098.71,0.55
costa rica,cri,2000,6.51,249.0,255.51,0.47
costa rica,cri,2001,5.31,257.0,262.31,0.52
costa rica,cri,2002,6.9,258.0,264.9,0.52
costa rica,cri,2003,7.8,300.0,307.8,0.49
costa rica,cri,2004,8.03,280.0,288.03,0.48
costa rica,cri,2005,6.49,335.0,341.49,0.48
costa rica,cri,2006,8.1,351.0,359.1,0.49
costa rica,cri,2007,5.57,369.0,374.57,0.49
costa rica,cri,2008,5.45,512.0,517.45,0.49
costa rica,cri,2009,5.53,525.0,530.53,0.51
costa rica,cri,2010,6.51,527.0,533.51,0.48
costa rica,cri,2011,6.45,474.0,480.45,0.49
costa rica,cri,2012,6.13,407.0,413.13,0.48
costa rica,cri,2013,6.24,411.0,417.24,0.49
costa rica,cri,2014,5.18,477.0,482.18,0.49
costa rica,cri,2015,6.16,557.0,563.16,0.48
costa rica,cri,2016,6.58,578.0,584.58,0.49
costa rica,cri,2017,5.34,603.0,608.34,0.48
costa rica,cri,2018,7.19,585.0,592.19,0.48
costa rica,cri,2019,6.72,563.0,569.72,0.48
costa rica,cri,2020,6.07,570.0,576.07,0.49
costa rica,cri,2021,7.63,588.0,595.63,0.49
croatia,hrv,2009,13.09,49.0,62.09,0.33
croatia,hrv,2010,12.89,62.0,74.89,0.32
croatia,hrv,2011,11.68,49.0,60.68,0.32
croatia,hrv,2012,13.02,51.0,64.02,0.32
croatia,hrv,2013,12.22,46.0,58.22,0.32
croatia,hrv,2014,12.28,36.0,48.28,0.32
croatia,hrv,2015,12.04,37.0,49.04,0.31
croatia,hrv,2016,11.37,44.0,55.37,0.31
croatia,hrv,2017,10.79,46.0,56.79,0.3
croatia,hrv,2018,11.53,24.0,35.53,0.3
croatia,hrv,2019,10.51,33.0,43.51,0.29
croatia,hrv,2020,10.46,40.0,50.46,0.3
croatia,hrv,2021,10.66,33.0,43.66,0.29
cyprus,cyp,2004,0.83,16.0,16.83,0.3
cyprus,cyp,2005,2.13,20.0,22.13,0.3
cyprus,cyp,2006,3.03,15.0,18.03,0.31
cyprus,cyp,2007,2.69,13.0,15.69,0.31
cyprus,cyp,2008,5.39,9.0,14.39,0.32
cyprus,cyp,2009,3.96,19.0,22.96,0.32
cyprus,cyp,2010,4.52,8.0,12.52,0.31
cyprus,cyp,2011,3.76,9.0,12.76,0.33
cyprus,cyp,2012,5.07,22.0,27.07,0.34
cyprus,cyp,2013,5.26,12.0,17.259999999999998,0.37
cyprus,cyp,2014,4.89,11.0,15.89,0.36
cyprus,cyp,2015,4.32,15.0,19.32,0.34
cyprus,cyp,2016,4.53,13.0,17.53,0.33
cyprus,cyp,2017,3.97,7.0,10.97,0.31
cyprus,cyp,2018,5.03,15.0,20.03,0.33
cyprus,cyp,2019,3.88,15.0,18.88,0.31
cyprus,cyp,2020,3.29,15.0,18.29,0.32
cyprus,cyp,2021,2.66,16.0,18.66,0.31
czechia,cze,2002,12.45,139.0,151.45,0.27
czechia,cze,2004,13.24,134.0,147.24,0.28
czechia,cze,2005,12.69,108.0,120.69,0.27
czechia,cze,2006,11.56,130.0,141.56,0.27
czechia,cze,2007,11.34,126.0,137.34,0.26
czechia,cze,2008,11.4,114.0,125.4,0.26
czechia,cze,2009,11.87,94.0,105.87,0.26
czechia,cze,2010,11.98,103.0,114.98,0.27
czechia,cze,2011,12.97,86.0,98.97,0.26
czechia,cze,2012,13.09,105.0,118.09,0.26
czechia,cze,2013,12.77,90.0,102.77,0.26
czechia,cze,2014,11.73,81.0,92.73,0.26
czechia,cze,2015,10.47,88.0,98.47,0.26
czechia,cze,2016,10.42,65.0,75.42,0.25
czechia,cze,2017,11.23,66.0,77.23,0.25
czechia,cze,2019,9.57,91.0,100.57,0.25
czechia,cze,2020,9.9,77.0,86.9,0.26
czechia,cze,2021,10.32,47.0,57.32,0.26
denmark,dnk,2000,12.45,58.0,70.45,0.24
denmark,dnk,2010,8.82,42.0,50.82,0.27
denmark,dnk,2011,9.57,46.0,55.57,0.27
denmark,dnk,2012,9.89,47.0,56.89,0.28
denmark,dnk,2013,8.98,48.0,56.980000000000004,0.29
denmark,dnk,2014,9.07,74.0,83.07,0.28
denmark,dnk,2015,8.2,62.0,70.2,0.28
denmark,dnk,2016,8.23,56.0,64.23,0.28
denmark,dnk,2017,8.18,71.0,79.18,0.29
denmark,dnk,2018,8.05,58.0,66.05,0.28
denmark,dnk,2019,8.09,50.0,58.09,0.28
denmark,dnk,2020,8.25,48.0,56.25,0.28
denmark,dnk,2021,7.63,37.0,44.63,0.28
dominican republic,dom,2000,5.27,1210.0,1215.27,0.52
dominican republic,dom,2001,5.02,1095.0,1100.02,0.5
dominican republic,dom,2002,4.86,1279.0,1283.86,0.5
dominican republic,dom,2003,4.84,1902.0,1906.84,0.52
dominican republic,dom,2004,5.01,2239.0,2244.01,0.52
dominican republic,dom,2005,5.3,2394.0,2399.3,0.5
dominican republic,dom,2006,5.21,2144.0,2149.21,0.52
dominican republic,dom,2007,5.07,2111.0,2116.07,0.49
dominican republic,dom,2008,5.03,2394.0,2399.03,0.48
dominican republic,dom,2009,5.01,2375.0,2380.01,0.49
dominican republic,dom,2010,4.84,2474.0,2478.84,0.47
dominican republic,dom,2011,4.85,2513.0,2517.85,0.48
dominican republic,dom,2012,5.48,2268.0,2273.48,0.46
dominican republic,dom,2013,5.84,1978.0,1983.84,0.48
dominican republic,dom,2014,6.63,1810.0,1816.63,0.44
dominican republic,dom,2016,6.65,1616.0,1622.65,0.46
dominican republic,dom,2017,6.98,1216.0,1222.98,0.42
dominican republic,dom,2018,6.49,1068.0,1074.49,0.44
dominican republic,dom,2019,6.07,1026.0,1032.07,0.42
dominican republic,dom,2020,4.5,961.0,965.5,0.4
dominican republic,dom,2021,4.42,1172.0,1176.42,0.39
east timor,tls,2007,4.16,62.0,66.16,0.28
ecuador,ecu,2000,5.88,1833.0,1838.88,0.56
ecuador,ecu,2007,8.85,2273.0,2281.85,0.53
ecuador,ecu,2008,8.64,2607.0,2615.64,0.5
ecuador,ecu,2009,8.99,2625.0,2633.99,0.48
ecuador,ecu,2010,8.18,2624.0,2632.18,0.49
ecuador,ecu,2011,8.42,2343.0,2351.42,0.46
ecuador,ecu,2012,8.28,1922.0,1930.28,0.46
ecuador,ecu,2013,5.98,1725.0,1730.98,0.47
ecuador,ecu,2014,6.77,1310.0,1316.77,0.45
ecuador,ecu,2015,8.51,1050.0,1058.51,0.46
ecuador,ecu,2016,8.91,959.0,967.91,0.45
ecuador,ecu,2017,8.99,970.0,978.99,0.45
ecuador,ecu,2018,8.51,994.0,1002.51,0.45
ecuador,ecu,2019,8.45,1187.0,1195.45,0.46
ecuador,ecu,2020,7.55,1372.0,1379.55,0.47
ecuador,ecu,2021,7.42,2496.0,2503.42,0.46
egypt,egy,2004,1.09,322.0,323.09,0.32
egypt,egy,2008,1.03,967.0,968.03,0.31
egypt,egy,2010,1.05,1839.0,1840.05,0.3
egypt,egy,2012,1.16,2207.0,2208.16,0.28
egypt,egy,2015,1.1,1711.0,1712.1,0.32
egypt,egy,2017,1.01,1360.0,1361.01,0.32
el salvador,slv,2000,8.73,3551.0,3559.73,0.51
el salvador,slv,2001,8.49,3590.0,3598.49,0.51
el salvador,slv,2002,7.68,2835.0,2842.68,0.52
el salvador,slv,2003,8.03,3356.0,3364.03,0.5
el salvador,slv,2004,8.94,3897.0,3905.94,0.48
el salvador,slv,2005,10.14,3882.0,3892.14,0.48
el salvador,slv,2006,10.33,3927.0,3937.33,0.46
el salvador,slv,2007,9.72,3497.0,3506.72,0.45
el salvador,slv,2008,8.93,3179.0,3187.93,0.47
el salvador,slv,2009,10.26,4382.0,4392.26,0.46
el salvador,slv,2010,8.72,3987.0,3995.72,0.44
el salvador,slv,2011,9.34,4371.0,4380.34,0.42
el salvador,slv,2012,7.38,2594.0,2601.38,0.42
el salvador,slv,2013,7.28,2513.0,2520.28,0.43
el salvador,slv,2014,8.63,3921.0,3929.63,0.42
el salvador,slv,2015,11.93,6656.0,6667.93,0.41
el salvador,slv,2016,10.15,5276.0,5286.15,0.4
el salvador,slv,2017,8.75,3962.0,3970.75,0.38
el salvador,slv,2018,7.58,3346.0,3353.58,0.39
el salvador,slv,2019,7.99,2398.0,2405.99,0.39
el salvador,slv,2021,7.85,1085.0,1092.85,0.39
estonia,est,2007,17.71,96.0,113.71000000000001,0.31
estonia,est,2008,16.48,86.0,102.48,0.32
estonia,est,2009,17.87,70.0,87.87,0.31
estonia,est,2010,14.89,70.0,84.89,0.32
estonia,est,2011,14.01,65.0,79.01,0.32
estonia,est,2012,15.33,63.0,78.33,0.33
estonia,est,2013,14.16,52.0,66.16,0.35
estonia,est,2014,15.86,41.0,56.86,0.35
estonia,est,2015,13.2,45.0,58.2,0.33
estonia,est,2016,11.81,33.0,44.81,0.31
estonia,est,2017,14.22,29.0,43.22,0.3
estonia,est,2018,12.08,28.0,40.08,0.3
estonia,est,2019,12.83,26.0,38.83,0.31
estonia,est,2020,14.52,42.0,56.519999999999996,0.31
estonia,est,2021,12.46,26.0,38.46,0.32
eswatini,swz,2000,18.84,128.0,146.84,0.53
eswatini,swz,2009,25.51,187.0,212.51,0.51
eswatini,swz,2016,32.45,116.0,148.45,0.55
fiji,fji,2008,10.0,17.0,27.0,0.4
fiji,fji,2013,10.43,19.0,29.43,0.37
finland,fin,2000,21.46,148.0,169.46,0.27
finland,fin,2003,19.06,103.0,122.06,0.28
finland,fin,2004,18.94,148.0,166.94,0.28
finland,fin,2005,16.93,119.0,135.93,0.28
finland,fin,2006,18.31,119.0,137.31,0.28
finland,fin,2007,16.96,129.0,145.96,0.28
finland,fin,2008,18.11,133.0,151.11,0.28
finland,fin,2009,17.82,120.0,137.82,0.27
finland,fin,2010,16.5,118.0,134.5,0.28
finland,fin,2011,15.4,110.0,125.4,0.28
finland,fin,2012,14.76,89.0,103.76,0.27
finland,fin,2013,15.03,89.0,104.03,0.27
finland,fin,2014,13.75,88.0,101.75,0.27
finland,fin,2015,12.2,82.0,94.2,0.27
finland,fin,2016,13.31,74.0,87.31,0.27
finland,fin,2017,14.09,67.0,81.09,0.27
finland,fin,2018,13.68,88.0,101.68,0.27
finland,fin,2019,13.04,81.0,94.03999999999999,0.28
finland,fin,2020,12.78,97.0,109.78,0.27
finland,fin,2021,12.59,71.0,83.59,0.28
france,fra,2000,15.97,1051.0,1066.97,0.33
france,fra,2001,15.54,1047.0,1062.54,0.33
france,fra,2002,15.74,1119.0,1134.74,0.32
france,fra,2003,15.91,987.0,1002.91,0.31
france,fra,2004,15.41,990.0,1005.41,0.31
france,fra,2005,14.88,976.0,990.88,0.3
france,fra,2006,14.36,879.0,893.36,0.3
france,fra,2007,13.87,993.0,1006.87,0.32
france,fra,2008,13.97,1021.0,1034.97,0.33
france,fra,2009,14.1,819.0,833.1,0.33
france,fra,2010,13.86,796.0,809.86,0.34
france,fra,2011,13.64,856.0,869.64,0.33
france,fra,2012,12.77,784.0,796.77,0.33
france,fra,2013,12.51,777.0,789.51,0.33
france,fra,2014,11.48,792.0,803.48,0.32
france,fra,2015,11.39,1012.0,1023.39,0.33
france,fra,2016,10.61,779.0,789.61,0.32
france,fra,2017,10.49,710.0,720.49,0.32
france,fra,2018,10.85,696.0,706.85,0.32
france,fra,2019,10.77,753.0,763.77,0.31
france,fra,2020,11.51,692.0,703.51,0.31
france,fra,2021,11.77,734.0,745.77,0.32
georgia,geo,2000,2.63,239.0,241.63,0.4
georgia,geo,2001,2.13,263.0,265.13,0.4
georgia,geo,2002,3.18,292.0,295.18,0.37
georgia,geo,2004,4.31,298.0,302.31,0.36
georgia,geo,2005,2.02,403.0,405.02,0.37
georgia,geo,2006,1.55,323.0,324.55,0.37
georgia,geo,2007,2.17,330.0,332.17,0.38
georgia,geo,2008,3.05,263.0,266.05,0.39
georgia,geo,2009,4.19,210.0,214.19,0.38
georgia,geo,2010,2.74,187.0,189.74,0.39
georgia,geo,2016,4.0,39.0,43.0,0.37
georgia,geo,2017,3.52,91.0,94.52,0.38
georgia,geo,2018,5.9,89.0,94.9,0.36
georgia,geo,2019,6.42,77.0,83.42,0.36
germany,deu,2000,11.11,1364.0,1375.11,0.29
germany,deu,2001,11.1,1181.0,1192.1,0.3
germany,deu,2002,11.04,1172.0,1183.04,0.3
germany,deu,2003,10.82,1097.0,1107.82,0.3
germany,deu,2004,10.44,1112.0,1122.44,0.3
germany,deu,2005,9.85,1044.0,1053.85,0.32
germany,deu,2006,9.3,988.0,997.3,0.31
germany,deu,2007,8.96,888.0,896.96,0.31
germany,deu,2008,9.06,831.0,840.06,0.31
germany,deu,2009,9.14,803.0,812.14,0.3
germany,deu,2010,9.58,793.0,802.58,0.3
germany,deu,2011,9.35,738.0,747.35,0.31
germany,deu,2012,9.08,659.0,668.08,0.31
germany,deu,2013,9.3,682.0,691.3,0.31
germany,deu,2014,9.28,716.0,725.28,0.31
germany,deu,2015,9.08,682.0,691.08,0.32
germany,deu,2016,8.87,963.0,971.87,0.31
germany,deu,2017,8.4,813.0,821.4,0.31
germany,deu,2018,8.49,788.0,796.49,0.32
germany,deu,2019,8.21,623.0,631.21,0.32
germany,deu,2020,8.4,782.0,790.4,0.32
ghana,gha,2005,7.53,393.0,400.53,0.43
ghana,gha,2012,8.7,560.0,568.7,0.42
ghana,gha,2016,8.64,549.0,557.64,0.44
greece,grc,2002,2.27,94.0,96.27,0.36
greece,grc,2004,2.51,111.0,113.51,0.34
greece,grc,2005,2.8,132.0,134.8,0.35
greece,grc,2006,2.77,110.0,112.77,0.35
greece,grc,2007,2.41,130.0,132.41,0.34
greece,grc,2008,2.61,144.0,146.61,0.34
greece,grc,2009,2.8,152.0,154.8,0.34
greece,grc,2010,2.68,176.0,178.68,0.34
greece,grc,2011,3.49,184.0,187.49,0.35
greece,grc,2012,3.72,166.0,169.72,0.36
greece,grc,2013,3.95,153.0,156.95,0.36
greece,grc,2014,4.08,107.0,111.08,0.36
greece,grc,2015,3.76,93.0,96.76,0.36
greece,grc,2016,3.44,84.0,87.44,0.35
greece,grc,2017,3.79,86.0,89.79,0.34
greece,grc,2018,4.1,99.0,103.1,0.33
greece,grc,2019,3.88,78.0,81.88,0.33
greece,grc,2020,3.31,78.0,81.31,0.34
greece,grc,2021,3.4,89.0,92.4,0.33
grenada,grd,2018,0.09,12.0,12.09,0.44
guatemala,gtm,2000,11.97,2904.0,2915.97,0.54
guatemala,gtm,2006,10.72,5885.0,5895.72,0.55
guatemala,gtm,2014,5.7,5253.0,5258.7,0.48
haiti,hti,2012,10.04,1033.0,1043.04,0.6
honduras,hnd,2001,4.53,3488.0,3492.53,0.55
honduras,hnd,2002,4.53,3623.0,3627.53,0.56
honduras,hnd,2003,4.58,4073.0,4077.58,0.58
honduras,hnd,2004,4.49,3639.0,3643.49,0.58
honduras,hnd,2005,4.53,3212.0,3216.53,0.59
honduras,hnd,2006,4.45,3118.0,3122.45,0.58
honduras,hnd,2007,4.38,3588.0,3592.38,0.56
honduras,hnd,2008,4.2,4455.0,4459.2,0.55
honduras,hnd,2009,4.07,5280.0,5284.07,0.51
honduras,hnd,2010,3.99,6236.0,6239.99,0.53
honduras,hnd,2011,3.87,7104.0,7107.87,0.53
honduras,hnd,2012,6.25,7172.0,7178.25,0.53
honduras,hnd,2013,6.14,6431.0,6437.14,0.5
honduras,hnd,2014,6.4,5891.0,5897.4,0.5
honduras,hnd,2015,7.16,5148.0,5155.16,0.49
honduras,hnd,2016,3.9,5150.0,5153.9,0.5
honduras,hnd,2017,3.96,3864.0,3867.96,0.49
honduras,hnd,2018,3.92,3709.0,3712.92,0.49
honduras,hnd,2019,3.91,4078.0,4081.91,0.48
hungary,hun,2004,21.64,209.0,230.64,0.3
hungary,hun,2005,20.49,164.0,184.49,0.35
hungary,hun,2006,19.27,174.0,193.27,0.28
hungary,hun,2007,18.95,154.0,172.95,0.28
hungary,hun,2008,19.18,181.0,200.18,0.28
hungary,hun,2009,19.6,139.0,158.6,0.27
hungary,hun,2010,19.26,138.0,157.26,0.29
hungary,hun,2011,19.03,145.0,164.03,0.29
hungary,hun,2012,18.47,124.0,142.47,0.31
hungary,hun,2013,16.21,154.0,170.21,0.32
hungary,hun,2014,15.01,146.0,161.01,0.31
hungary,hun,2015,14.52,221.0,235.52,0.3
hungary,hun,2016,13.35,202.0,215.35,0.3
hungary,hun,2017,12.51,160.0,172.51,0.31
iceland,isl,2005,10.71,3.0,13.71,0.29
iceland,isl,2006,11.48,0.0,11.48,0.3
iceland,isl,2007,14.06,2.0,16.060000000000002,0.29
iceland,isl,2008,14.24,0.0,14.24,0.32
iceland,isl,2009,13.13,1.0,14.13,0.29
iceland,isl,2010,12.01,2.0,14.01,0.26
iceland,isl,2011,10.63,3.0,13.63,0.27
iceland,isl,2012,12.54,1.0,13.54,0.27
iceland,isl,2013,12.49,1.0,13.49,0.25
iceland,isl,2014,14.17,1.0,15.17,0.28
iceland,isl,2015,12.87,3.0,15.87,0.27
iceland,isl,2016,11.01,1.0,12.01,0.27
iceland,isl,2017,10.31,3.0,13.31,0.26
iceland,isl,2018,8.58,3.0,11.58,0.27
iceland,isl,2019,11.21,1.0,12.21,0.27
india,ind,2004,16.59,46490.0,46506.59,0.28
india,ind,2009,16.51,45824.0,45840.51,0.28
india,ind,2011,16.53,47640.0,47656.53,0.29
indonesia,idn,2000,2.41,2204.0,2206.41,0.3
indonesia,idn,2003,2.32,1635.0,1637.32,0.29
indonesia,idn,2004,2.26,1419.0,1421.26,0.3
iran,irn,2009,4.53,2215.0,2219.53,0.42
iran,irn,2013,4.31,2037.0,2041.31,0.34
iran,irn,2014,4.57,1936.0,1940.57,0.35
iraq,irq,2012,4.57,2697.0,2701.57,0.3
ireland,irl,2000,11.92,37.0,48.92,0.33
ireland,irl,2002,11.41,52.0,63.41,0.32
ireland,irl,2003,11.25,37.0,48.25,0.33
ireland,irl,2004,10.86,30.0,40.86,0.34
ireland,irl,2005,11.13,52.0,63.13,0.34
ireland,irl,2006,10.42,62.0,72.42,0.33
ireland,irl,2007,10.59,78.0,88.59,0.32
ireland,irl,2008,11.39,51.0,62.39,0.31
ireland,irl,2009,13.32,53.0,66.32,0.33
ireland,irl,2010,11.41,54.0,65.41,0.32
ireland,irl,2011,12.14,42.0,54.14,0.33
ireland,irl,2012,11.71,51.0,62.71,0.33
ireland,irl,2013,10.28,47.0,57.28,0.33
ireland,irl,2014,10.38,47.0,57.38,0.32
ireland,irl,2015,8.83,27.0,35.83,0.32
ireland,irl,2016,9.08,33.0,42.08,0.33
ireland,irl,2017,7.97,38.0,45.97,0.31
ireland,irl,2018,8.5,38.0,46.5,0.31
ireland,irl,2019,7.47,32.0,39.47,0.3
ireland,irl,2020,7.75,31.0,38.75,0.29
ireland,irl,2021,7.68,22.0,29.68,0.29
israel,isr,2001,6.43,193.0,199.43,0.39
israel,isr,2002,5.72,208.0,213.72,0.4
israel,isr,2003,6.44,171.0,177.44,0.41
israel,isr,2004,6.08,159.0,165.08,0.41
israel,isr,2005,6.85,169.0,175.85,0.42
israel,isr,2006,5.62,153.0,158.62,0.42
israel,isr,2007,5.32,135.0,140.32,0.41
israel,isr,2008,5.15,120.0,125.15,0.42
israel,isr,2009,6.02,144.0,150.02,0.43
israel,isr,2010,6.7,150.0,156.7,0.43
israel,isr,2011,5.51,147.0,152.51,0.41
israel,isr,2012,6.04,128.0,134.04,0.41
israel,isr,2013,5.03,131.0,136.03,0.4
israel,isr,2014,4.93,129.0,133.93,0.4
israel,isr,2015,4.45,120.0,124.45,0.4
israel,isr,2016,5.02,110.0,115.02,0.39
israel,isr,2017,4.94,136.0,140.94,0.38
israel,isr,2018,5.28,124.0,129.28,0.39
israel,isr,2019,4.97,142.0,146.97,0.38
israel,isr,2020,4.96,147.0,151.96,0.38
israel,isr,2021,4.4,173.0,177.4,0.38
italy,ita,2000,5.69,766.0,771.69,0.35
italy,ita,2002,5.59,644.0,649.59,0.35
italy,ita,2005,4.89,610.0,614.89,0.34
italy,ita,2006,4.78,625.0,629.78,0.34
italy,ita,2007,4.81,631.0,635.81,0.33
italy,ita,2008,5.0,615.0,620.0,0.34
italy,ita,2009,5.01,590.0,595.01,0.34
italy,ita,2010,4.94,529.0,533.94,0.35
italy,ita,2011,5.26,552.0,557.26,0.35
italy,ita,2012,5.44,530.0,535.44,0.35
italy,ita,2013,5.36,502.0,507.36,0.35
italy,ita,2014,5.11,475.0,480.11,0.35
italy,ita,2015,4.91,469.0,473.91,0.35
italy,ita,2016,4.41,404.0,408.41,0.35
italy,ita,2017,4.85,376.0,380.85,0.36
italy,ita,2018,4.7,359.0,363.7,0.35
italy,ita,2019,4.6,317.0,321.6,0.35
italy,ita,2020,4.27,285.0,289.27,0.35
italy,ita,2021,4.63,303.0,307.63,0.35
jamaica,jam,2002,1.2,1045.0,1046.2,0.48
jamaica,jam,2004,0.98,1471.0,1471.98,0.45
jamaica,jam,2018,1.65,1289.0,1290.65,0.35
jamaica,jam,2021,1.67,1474.0,1475.67,0.4
japan,jpn,2008,19.3,654.0,673.3,0.35
japan,jpn,2009,19.77,506.0,525.77,0.33
japan,jpn,2010,19.12,465.0,484.12,0.31
japan,jpn,2011,18.74,442.0,460.74,0.33
japan,jpn,2012,17.33,429.0,446.33,0.33
japan,jpn,2013,17.0,370.0,387.0,0.32
japan,jpn,2014,16.08,395.0,411.08,0.31
japan,jpn,2015,15.2,363.0,378.2,0.31
japan,jpn,2016,14.07,362.0,376.07,0.32
japan,jpn,2017,13.81,306.0,319.81,0.32
japan,jpn,2018,13.66,334.0,347.66,0.33
japan,jpn,2019,13.44,319.0,332.44,0.33
japan,jpn,2020,14.38,318.0,332.38,0.32
jordan,jor,2008,1.34,120.0,121.34,0.33
jordan,jor,2010,1.13,128.0,129.13,0.34
kazakhstan,kaz,2001,34.48,2160.0,2194.48,0.36
kazakhstan,kaz,2002,33.53,1967.0,2000.53,0.35
kazakhstan,kaz,2003,35.03,1991.0,2026.03,0.34
kazakhstan,kaz,2004,36.99,2091.0,2127.99,0.32
kazakhstan,kaz,2008,31.67,1807.0,1838.67,0.28
kazakhstan,kaz,2009,28.39,1771.0,1799.39,0.28
kazakhstan,kaz,2010,27.8,1387.0,1414.8,0.28
kazakhstan,kaz,2011,26.45,1420.0,1446.45,0.28
kazakhstan,kaz,2012,25.35,1266.0,1291.35,0.28
kazakhstan,kaz,2013,24.72,1120.0,1144.72,0.27
kazakhstan,kaz,2014,22.58,904.0,926.58,0.27
kazakhstan,kaz,2015,21.88,853.0,874.88,0.27
kazakhstan,kaz,2017,19.32,915.0,934.32,0.27
kazakhstan,kaz,2020,17.29,606.0,623.29,0.29
kazakhstan,kaz,2021,15.0,562.0,577.0,0.29
kenya,ken,2005,10.41,1083.6,1094.01,0.46
kenya,ken,2015,9.56,2261.0,2270.56,0.41
kenya,ken,2020,10.39,1859.0,1869.39,0.36
kenya,ken,2021,8.87,2796.0,2804.87,0.39
latvia,lva,2012,19.38,70.0,89.38,0.35
latvia,lva,2013,16.86,50.0,66.86,0.35
latvia,lva,2014,17.4,64.0,81.4,0.35
latvia,lva,2015,17.28,67.0,84.28,0.34
latvia,lva,2016,17.1,69.0,86.1,0.34
latvia,lva,2017,16.85,81.0,97.85,0.36
latvia,lva,2018,14.28,84.0,98.28,0.35
latvia,lva,2019,14.3,65.0,79.3,0.34
latvia,lva,2020,14.36,70.0,84.36,0.36
latvia,lva,2021,12.0,57.0,69.0,0.34
lebanon,lbn,2011,0.85,168.0,168.85,0.32
liberia,lbr,2007,8.85,100.0,108.85,0.36
lithuania,ltu,2004,38.41,343.0,381.40999999999997,0.37
lithuania,ltu,2005,37.11,372.0,409.11,0.35
lithuania,ltu,2006,29.64,288.0,317.64,0.34
lithuania,ltu,2007,29.62,277.0,306.62,0.35
lithuania,ltu,2008,32.72,298.0,330.72,0.36
lithuania,ltu,2009,33.0,252.0,285.0,0.37
lithuania,ltu,2010,31.52,219.0,250.52,0.34
lithuania,ltu,2011,32.07,211.0,243.07,0.32
lithuania,ltu,2012,29.28,202.0,231.28,0.35
lithuania,ltu,2013,34.4,198.0,232.4,0.35
lithuania,ltu,2014,29.34,159.0,188.34,0.38
lithuania,ltu,2015,28.52,172.0,200.52,0.37
lithuania,ltu,2016,25.96,153.0,178.96,0.38
lithuania,ltu,2017,23.59,100.0,123.59,0.37
lithuania,ltu,2018,21.34,92.0,113.34,0.36
lithuania,ltu,2019,20.86,94.0,114.86,0.35
lithuania,ltu,2020,18.96,101.0,119.96000000000001,0.36
lithuania,ltu,2021,16.76,72.0,88.76,0.37
luxembourg,lux,2000,12.31,4.0,16.310000000000002,0.3
luxembourg,lux,2001,12.52,9.0,21.52,0.31
luxembourg,lux,2002,12.27,6.0,18.27,0.31
luxembourg,lux,2003,12.71,3.0,15.71,0.3
luxembourg,lux,2004,9.34,2.0,11.34,0.3
luxembourg,lux,2005,10.36,4.0,14.36,0.31
luxembourg,lux,2006,11.59,7.0,18.59,0.31
luxembourg,lux,2007,10.65,7.0,17.65,0.31
luxembourg,lux,2008,10.42,8.0,18.42,0.33
luxembourg,lux,2009,8.64,5.0,13.64,0.31
luxembourg,lux,2010,9.31,10.0,19.310000000000002,0.31
luxembourg,lux,2011,9.42,4.0,13.42,0.32
luxembourg,lux,2012,8.92,0.0,8.92,0.34
luxembourg,lux,2013,8.83,1.0,9.83,0.32
luxembourg,lux,2014,9.97,4.0,13.97,0.31
luxembourg,lux,2015,9.75,5.0,14.75,0.33
luxembourg,lux,2016,7.55,5.0,12.55,0.32
luxembourg,lux,2017,7.63,2.0,9.629999999999999,0.35
luxembourg,lux,2018,7.59,3.0,10.59,0.35
luxembourg,lux,2019,8.64,4.0,12.64,0.34
luxembourg,lux,2020,7.67,3.0,10.67,0.33
luxembourg,lux,2021,6.22,4.0,10.219999999999999,0.33
malawi,mwi,2004,13.26,411.0,424.26,0.4
malawi,mwi,2010,12.01,520.0,532.01,0.45
malaysia,mys,2003,5.39,565.0,570.39,0.46
malaysia,mys,2006,4.97,588.0,592.97,0.45
malaysia,mys,2008,4.98,597.0,601.98,0.45
malaysia,mys,2011,4.86,530.0,534.86,0.44
malaysia,mys,2013,4.51,627.0,631.51,0.41
malaysia,mys,2015,5.07,498.0,503.07,0.41
malaysia,mys,2018,5.34,323.0,328.34,0.41
malaysia,mys,2021,5.53,243.0,248.53,0.41
maldives,mdv,2002,3.61,8.0,11.61,0.41
maldives,mdv,2009,2.99,6.0,8.99,0.38
maldives,mdv,2019,2.84,3.0,5.84,0.29
malta,mlt,2006,5.41,0.0,5.41,0.28
malta,mlt,2007,4.51,4.0,8.51,0.29
malta,mlt,2008,5.51,6.0,11.51,0.29
malta,mlt,2009,6.34,4.0,10.34,0.3
malta,mlt,2010,6.74,4.0,10.74,0.29
malta,mlt,2011,6.08,3.0,9.08,0.29
malta,mlt,2012,5.14,12.0,17.14,0.29
malta,mlt,2013,6.19,7.0,13.190000000000001,0.29
malta,mlt,2014,6.31,6.0,12.309999999999999,0.29
malta,mlt,2015,6.39,4.0,10.39,0.29
malta,mlt,2016,5.3,5.0,10.3,0.29
malta,mlt,2017,4.5,9.0,13.5,0.29
malta,mlt,2018,4.17,8.0,12.17,0.29
malta,mlt,2019,5.42,5.0,10.42,0.31
malta,mlt,2020,4.66,7.0,11.66,0.31
malta,mlt,2021,5.56,2.0,7.56,0.32
mauritania,mrt,2019,4.93,48.0,52.93,0.32
mauritius,mus,2012,9.35,28.0,37.35,0.38
mauritius,mus,2017,9.06,33.0,42.06,0.37
mexico,mex,2000,4.06,10737.0,10741.06,0.53
mexico,mex,2002,4.34,10088.0,10092.34,0.51
mexico,mex,2004,4.43,9329.0,9333.43,0.5
mexico,mex,2005,4.53,9921.0,9925.53,0.51
mexico,mex,2006,4.32,10452.0,10456.32,0.5
mexico,mex,2008,4.65,14006.0,14010.65,0.51
mexico,mex,2010,4.67,25757.0,25761.67,0.48
mexico,mex,2012,4.99,25967.0,25971.99,0.5
mexico,mex,2014,5.77,20010.0,20015.77,0.49
mexico,mex,2016,5.57,24559.0,24564.57,0.47
mexico,mex,2018,5.82,36685.0,36690.82,0.46
mexico,mex,2020,6.32,36773.0,36779.32,0.45
moldova,mda,2000,18.37,433.0,451.37,0.36
moldova,mda,2001,20.24,411.0,431.24,0.38
moldova,mda,2002,18.82,401.0,419.82,0.36
moldova,mda,2003,19.58,319.0,338.58,0.35
moldova,mda,2004,18.93,277.0,295.93,0.35
moldova,mda,2005,19.55,296.0,315.55,0.36
moldova,mda,2006,19.73,262.0,281.73,0.35
moldova,mda,2007,17.15,217.0,234.15,0.34
moldova,mda,2008,18.7,236.0,254.7,0.35
moldova,mda,2009,18.79,246.0,264.79,0.33
moldova,mda,2010,19.09,265.0,284.09,0.32
moldova,mda,2011,13.77,216.0,229.77,0.31
moldova,mda,2012,14.61,229.0,243.61,0.29
moldova,mda,2013,13.72,229.0,242.72,0.29
moldova,mda,2014,13.83,161.0,174.83,0.27
moldova,mda,2015,12.99,189.0,201.99,0.27
moldova,mda,2016,12.86,200.0,212.86,0.26
moldova,mda,2017,11.7,141.0,152.7,0.26
moldova,mda,2018,11.21,166.0,177.21,0.26
moldova,mda,2019,10.88,121.0,131.88,0.26
moldova,mda,2020,9.72,93.0,102.72,0.25
moldova,mda,2021,12.23,66.0,78.23,0.26
mongolia,mng,2007,18.96,295.0,313.96,0.36
mongolia,mng,2010,20.26,239.0,259.26,0.33
mongolia,mng,2011,22.24,266.0,288.24,0.34
mongolia,mng,2012,21.38,199.0,220.38,0.34
mongolia,mng,2014,19.02,213.0,232.02,0.32
mongolia,mng,2016,19.48,184.0,203.48,0.32
mongolia,mng,2018,18.27,196.0,214.27,0.33
montenegro,mne,2012,11.56,17.0,28.560000000000002,0.41
montenegro,mne,2013,10.86,10.0,20.86,0.39
montenegro,mne,2014,10.76,20.0,30.759999999999998,0.39
montenegro,mne,2015,10.58,17.0,27.58,0.39
montenegro,mne,2016,10.23,28.0,38.230000000000004,0.38
montenegro,mne,2017,10.72,15.0,25.72,0.37
montenegro,mne,2018,10.97,14.0,24.97,0.37
montenegro,mne,2019,11.42,23.0,34.42,0.36
montenegro,mne,2020,12.18,18.0,30.18,0.35
montenegro,mne,2021,9.0,15.0,24.0,0.34
morocco,mar,2000,4.86,461.0,465.86,0.41
morocco,mar,2006,4.42,498.0,502.42,0.41
morocco,mar,2013,3.9,429.0,432.9,0.4
mozambique,moz,2002,12.21,1040.0,1052.21,0.47
mozambique,moz,2008,15.69,995.0,1010.69,0.45
myanmar,mmr,2015,3.22,1302.0,1305.22,0.38
myanmar,mmr,2017,3.12,1392.0,1395.12,0.31
namibia,nam,2009,11.48,388.0,399.48,0.61
nepal,npl,2003,11.73,757.0,768.73,0.44
nepal,npl,2010,11.81,813.0,824.81,0.33
netherlands,nld,2004,8.11,191.0,199.11,0.3
netherlands,nld,2005,8.28,174.0,182.28,0.29
netherlands,nld,2006,8.12,128.0,136.12,0.3
netherlands,nld,2007,7.1,143.0,150.1,0.3
netherlands,nld,2008,7.45,150.0,157.45,0.29
netherlands,nld,2009,7.74,154.0,161.74,0.28
netherlands,nld,2010,8.11,144.0,152.11,0.28
netherlands,nld,2011,8.44,143.0,151.44,0.28
netherlands,nld,2012,8.91,145.0,153.91,0.28
netherlands,nld,2013,9.47,125.0,134.47,0.28
netherlands,nld,2014,9.31,123.0,132.31,0.29
netherlands,nld,2015,9.31,104.0,113.31,0.28
netherlands,nld,2016,9.27,94.0,103.27,0.28
netherlands,nld,2017,9.49,132.0,141.49,0.29
netherlands,nld,2018,9.05,100.0,109.05,0.28
netherlands,nld,2019,8.87,125.0,133.87,0.29
netherlands,nld,2020,8.85,121.0,129.85,0.26
netherlands,nld,2021,9.14,126.0,135.14,0.26
nicaragua,nic,2001,7.62,537.0,544.62,0.53
nicaragua,nic,2005,6.88,729.0,735.88,0.49
nicaragua,nic,2009,6.18,802.0,808.18,0.44
nicaragua,nic,2014,5.44,525.0,530.44,0.46
niger,ner,2011,8.63,831.0,839.63,0.31
north macedonia,mkd,2009,6.62,35.0,41.62,0.43
north macedonia,mkd,2010,4.75,43.0,47.75,0.4
north macedonia,mkd,2011,4.85,30.0,34.85,0.39
north macedonia,mkd,2012,6.74,29.0,35.74,0.38
north macedonia,mkd,2013,6.51,22.0,28.509999999999998,0.36
north macedonia,mkd,2014,5.07,35.0,40.07,0.35
north macedonia,mkd,2015,4.11,25.0,29.11,0.36
north macedonia,mkd,2016,4.42,19.0,23.42,0.35
north macedonia,mkd,2017,3.68,31.0,34.68,0.34
north macedonia,mkd,2018,4.22,25.0,29.22,0.33
north macedonia,mkd,2019,3.86,23.0,26.86,0.34
norway,nor,2000,11.88,48.0,59.88,0.27
norway,nor,2004,10.98,36.0,46.980000000000004,0.32
norway,nor,2005,11.08,33.0,44.08,0.31
norway,nor,2006,10.77,33.0,43.769999999999996,0.26
norway,nor,2007,9.54,30.0,39.54,0.27
norway,nor,2008,9.89,34.0,43.89,0.27
norway,nor,2009,10.92,29.0,39.92,0.26
norway,nor,2010,10.32,29.0,39.32,0.26
norway,nor,2011,11.58,111.0,122.58,0.25
norway,nor,2012,9.47,27.0,36.47,0.26
norway,nor,2013,9.91,46.0,55.91,0.26
norway,nor,2014,9.63,29.0,38.63,0.27
norway,nor,2015,10.06,24.0,34.06,0.27
norway,nor,2016,10.71,27.0,37.71,0.28
norway,nor,2017,10.42,28.0,38.42,0.27
norway,nor,2018,11.66,25.0,36.66,0.28
norway,nor,2019,11.12,28.0,39.12,0.28
norway,nor,2020,10.87,31.0,41.87,0.28
norway,nor,2021,11.42,29.0,40.42,0.29
pakistan,pak,2001,8.77,9593.0,9601.77,0.29
pakistan,pak,2004,8.73,9614.0,9622.73,0.31
pakistan,pak,2005,8.66,9782.0,9790.66,0.31
pakistan,pak,2007,8.3,10556.0,10564.3,0.3
pakistan,pak,2010,7.6,13190.0,13197.6,0.29
pakistan,pak,2011,7.45,13860.0,13867.45,0.3
pakistan,pak,2013,6.99,13937.0,13943.99,0.3
pakistan,pak,2015,7.41,9486.0,9493.41,0.31
pakistan,pak,2018,7.11,8241.0,8248.11,0.3
panama,pan,2000,5.29,299.0,304.29,0.57
panama,pan,2001,5.6,306.0,311.6,0.57
panama,pan,2002,5.6,376.0,381.6,0.56
panama,pan,2003,6.22,337.0,343.22,0.56
panama,pan,2004,5.92,308.0,313.92,0.55
panama,pan,2005,5.24,364.0,369.24,0.54
panama,pan,2006,5.87,221.0,226.87,0.55
panama,pan,2007,5.2,279.0,284.2,0.53
panama,pan,2008,5.5,493.0,498.5,0.53
panama,pan,2009,5.11,562.0,567.11,0.52
panama,pan,2010,4.16,460.0,464.16,0.52
panama,pan,2011,4.1,549.0,553.1,0.51
panama,pan,2012,3.72,637.0,640.72,0.52
panama,pan,2013,3.55,663.0,666.55,0.51
panama,pan,2014,4.13,604.0,608.13,0.5
panama,pan,2015,2.86,471.0,473.86,0.51
panama,pan,2016,3.21,405.0,408.21,0.5
panama,pan,2017,3.1,378.0,381.1,0.5
panama,pan,2018,2.89,401.0,403.89,0.49
panama,pan,2019,2.57,480.0,482.57,0.5
panama,pan,2021,3.27,550.0,553.27,0.51
papua new guinea,png,2009,2.07,697.0,699.07,0.42
paraguay,pry,2001,3.74,1314.0,1317.74,0.55
paraguay,pry,2002,4.03,1372.0,1376.03,0.57
paraguay,pry,2003,4.0,1285.0,1289.0,0.55
paraguay,pry,2004,4.97,1209.0,1213.97,0.52
paraguay,pry,2005,4.89,887.0,891.89,0.51
paraguay,pry,2006,4.95,742.0,746.95,0.53
paraguay,pry,2007,4.66,783.0,787.66,0.53
paraguay,pry,2008,4.26,833.0,837.26,0.51
paraguay,pry,2009,5.36,821.0,826.36,0.49
paraguay,pry,2010,4.45,741.0,745.45,0.51
paraguay,pry,2011,5.38,657.0,662.38,0.52
paraguay,pry,2012,5.42,649.0,654.42,0.48
paraguay,pry,2013,5.72,604.0,609.72,0.48
paraguay,pry,2014,6.82,578.0,584.82,0.51
paraguay,pry,2015,6.6,617.0,623.6,0.48
paraguay,pry,2016,6.12,669.0,675.12,0.48
paraguay,pry,2017,6.34,541.0,547.34,0.49
paraguay,pry,2018,7.47,497.0,504.47,0.46
paraguay,pry,2019,8.09,554.0,562.09,0.46
paraguay,pry,2020,6.49,481.0,487.49,0.43
paraguay,pry,2021,6.54,525.0,531.54,0.43
peru,per,2011,2.15,1617.0,1619.15,0.45
peru,per,2012,2.59,1968.0,1970.59,0.44
peru,per,2013,1.3,2013.0,2014.3,0.44
peru,per,2014,1.54,2076.0,2077.54,0.43
peru,per,2015,0.96,2247.0,2247.96,0.43
peru,per,2016,1.42,2435.0,2436.42,0.44
peru,per,2017,1.4,2487.0,2488.4,0.43
peru,per,2018,1.78,2452.0,2453.78,0.42
peru,per,2019,2.16,2385.0,2387.16,0.42
peru,per,2020,1.49,1903.0,1904.49,0.44
peru,per,2021,1.52,2853.0,2854.52,0.4
philippines,phl,2000,2.5,5735.0,5737.5,0.43
philippines,phl,2009,3.33,9088.0,9091.33,0.42
philippines,phl,2012,3.49,8484.0,8487.49,0.42
philippines,phl,2018,4.28,5651.0,5655.28,0.38
poland,pol,2008,14.54,326.0,340.54,0.33
poland,pol,2009,16.24,387.0,403.24,0.33
poland,pol,2010,15.62,384.0,399.62,0.33
poland,pol,2011,15.1,422.0,437.1,0.33
poland,pol,2012,15.39,409.0,424.39,0.33
poland,pol,2013,15.14,305.0,320.14,0.33
poland,pol,2014,14.55,287.0,301.55,0.33
poland,pol,2015,13.19,298.0,311.19,0.32
poland,pol,2016,11.42,260.0,271.42,0.31
poland,pol,2017,11.05,287.0,298.05,0.3
poland,pol,2018,11.19,273.0,284.19,0.3
poland,pol,2019,11.51,253.0,264.51,0.29
poland,pol,2020,11.65,266.0,277.65,0.28
poland,pol,2021,11.49,273.0,284.49,0.28
portugal,prt,2005,7.9,135.0,142.9,0.38
portugal,prt,2010,8.83,124.0,132.83,0.36
portugal,prt,2011,8.0,114.0,122.0,0.36
portugal,prt,2012,8.53,122.0,130.53,0.36
portugal,prt,2013,8.01,144.0,152.01,0.36
portugal,prt,2014,9.27,92.0,101.27,0.36
portugal,prt,2015,8.37,100.0,108.37,0.36
portugal,prt,2016,7.43,66.0,73.43,0.35
portugal,prt,2017,8.01,76.0,84.01,0.34
portugal,prt,2018,7.58,81.0,88.58,0.33
portugal,prt,2019,7.75,73.0,80.75,0.33
portugal,prt,2020,7.61,81.0,88.61,0.35
portugal,prt,2021,7.18,82.0,89.18,0.35
qatar,qat,2017,5.98,12.0,17.98,0.35
romania,rou,2006,10.67,357.0,367.67,0.4
romania,rou,2007,9.47,379.0,388.47,0.38
romania,rou,2008,9.57,302.0,311.57,0.36
romania,rou,2009,10.08,258.0,268.08,0.36
romania,rou,2010,10.75,266.0,276.75,0.35
romania,rou,2011,9.91,205.0,214.91,0.36
romania,rou,2012,10.4,212.0,222.4,0.37
romania,rou,2013,9.89,218.0,227.89,0.37
romania,rou,2014,9.0,325.0,334.0,0.36
romania,rou,2015,9.08,339.0,348.08,0.36
romania,rou,2016,7.94,306.0,313.94,0.34
romania,rou,2017,7.89,255.0,262.89,0.36
romania,rou,2018,7.78,250.0,257.78,0.36
romania,rou,2019,7.13,244.0,251.13,0.35
romania,rou,2020,7.37,281.0,288.37,0.35
romania,rou,2021,7.19,244.0,251.19,0.34
russia,rus,2000,47.83,41090.0,41137.83,0.37
russia,rus,2001,46.2,42921.0,42967.2,0.37
russia,rus,2002,44.79,44252.0,44296.79,0.37
russia,rus,2003,43.22,41764.0,41807.22,0.4
russia,rus,2004,41.41,39256.0,39297.41,0.4
russia,rus,2005,39.26,35636.0,35675.26,0.41
russia,rus,2006,35.89,28844.0,28879.89,0.41
russia,rus,2007,34.27,25377.0,25411.27,0.42
russia,rus,2008,33.14,18188.0,18221.14,0.42
russia,rus,2009,31.86,17659.0,17690.86,0.4
russia,rus,2010,30.91,16690.0,16720.91,0.4
russia,rus,2011,29.85,16175.0,16204.85,0.4
russia,rus,2012,28.98,16247.0,16275.98,0.41
russia,rus,2013,28.35,16033.0,16061.35,0.41
russia,rus,2014,28.06,16516.0,16544.06,0.4
russia,rus,2015,26.79,16646.0,16672.79,0.38
russia,rus,2016,25.94,15864.0,15889.94,0.37
russia,rus,2017,23.31,13293.0,13316.31,0.37
russia,rus,2018,21.99,11964.0,11985.99,0.37
russia,rus,2019,20.72,11202.0,11222.72,0.38
russia,rus,2020,17.64,10697.0,10714.64,0.36
rwanda,rwa,2010,13.61,291.0,304.61,0.47
rwanda,rwa,2013,13.16,359.0,372.16,0.45
rwanda,rwa,2016,13.16,392.0,405.16,0.44
saint lucia,lca,2015,7.23,28.0,35.230000000000004,0.51
samoa,wsm,2013,13.08,6.0,19.08,0.39
sao tome and principe,stp,2010,1.29,6.0,7.29,0.31
serbia,srb,2012,13.16,110.0,123.16,0.4
serbia,srb,2013,12.9,139.0,151.9,0.39
serbia,srb,2014,11.91,118.0,129.91,0.4
serbia,srb,2015,11.39,100.0,111.39,0.4
serbia,srb,2016,10.39,116.0,126.39,0.39
serbia,srb,2017,10.59,86.0,96.59,0.36
serbia,srb,2018,9.87,105.0,114.87,0.35
serbia,srb,2019,10.06,88.0,98.06,0.34
serbia,srb,2020,9.66,84.0,93.66,0.35
serbia,srb,2021,9.35,77.0,86.35,0.33
seychelles,syc,2006,7.51,9.0,16.509999999999998,0.43
seychelles,syc,2013,6.82,18.0,24.82,0.47
seychelles,syc,2018,7.12,9.0,16.12,0.32
sierra leone,sle,2011,9.95,187.0,196.95,0.34
slovakia,svk,2004,11.99,108.0,119.99,0.27
slovakia,svk,2005,11.71,93.0,104.71000000000001,0.29
slovakia,svk,2006,12.44,82.0,94.44,0.26
slovakia,svk,2007,11.92,82.0,93.92,0.25
slovakia,svk,2008,10.64,86.0,96.64,0.26
slovakia,svk,2009,10.66,78.0,88.66,0.27
slovakia,svk,2010,11.26,89.0,100.26,0.27
slovakia,svk,2011,9.98,96.0,105.98,0.27
slovakia,svk,2012,10.31,75.0,85.31,0.26
slovakia,svk,2013,10.01,78.0,88.01,0.28
slovakia,svk,2014,10.11,72.0,82.11,0.26
slovakia,svk,2015,8.88,48.0,56.88,0.26
slovakia,svk,2016,7.42,60.0,67.42,0.25
slovakia,svk,2017,7.15,80.0,87.15,0.23
slovakia,svk,2018,7.99,67.0,74.99,0.25
slovakia,svk,2019,7.11,76.0,83.11,0.23
slovakia,svk,2020,7.03,63.0,70.03,0.24
slovakia,svk,2021,7.59,55.0,62.59,0.24
slovenia,svn,2004,22.27,27.0,49.269999999999996,0.25
slovenia,svn,2005,20.94,20.0,40.94,0.25
slovenia,svn,2006,21.35,12.0,33.35,0.24
slovenia,svn,2007,17.23,24.0,41.230000000000004,0.24
slovenia,svn,2008,15.55,10.0,25.55,0.24
slovenia,svn,2009,16.5,13.0,29.5,0.25
slovenia,svn,2010,15.48,15.0,30.48,0.25
slovenia,svn,2011,15.62,16.0,31.619999999999997,0.25
slovenia,svn,2012,15.85,14.0,29.85,0.26
slovenia,svn,2013,16.25,12.0,28.25,0.26
slovenia,svn,2014,14.39,16.0,30.39,0.26
slovenia,svn,2015,14.86,20.0,34.86,0.25
slovenia,svn,2016,14.13,10.0,24.130000000000003,0.25
slovenia,svn,2017,13.92,19.0,32.92,0.24
slovenia,svn,2018,12.56,9.0,21.560000000000002,0.25
slovenia,svn,2019,13.66,14.0,27.66,0.24
slovenia,svn,2020,11.97,11.0,22.97,0.24
slovenia,svn,2021,13.21,9.0,22.21,0.24
solomon islands,slb,2005,20.63,26.0,46.629999999999995,0.46
south africa,zaf,2000,15.4,21758.0,21773.4,0.58
south africa,zaf,2005,17.24,18528.0,18545.24,0.65
south africa,zaf,2008,18.16,18084.0,18102.16,0.63
south africa,zaf,2010,20.29,15893.0,15913.29,0.63
south africa,zaf,2014,20.49,17805.0,17825.49,0.63
south korea,kor,2006,21.42,415.68,437.1,0.32
south korea,kor,2008,24.89,429.62,454.51,0.32
south korea,kor,2010,28.56,484.63,513.1899999999999,0.32
south korea,kor,2012,24.49,435.0,459.49,0.32
south korea,kor,2014,22.62,377.0,399.62,0.31
south korea,kor,2016,20.36,356.0,376.36,0.35
south korea,kor,2017,19.14,301.0,320.14,0.35
south korea,kor,2018,20.98,309.0,329.98,0.34
south korea,kor,2019,21.01,297.0,318.01,0.33
south korea,kor,2020,20.37,308.0,328.37,0.33
south korea,kor,2021,20.58,245.0,265.58,0.33
spain,esp,2000,6.56,553.0,559.56,0.34
spain,esp,2003,6.4,587.0,593.4,0.32
spain,esp,2004,6.42,520.0,526.42,0.33
spain,esp,2005,5.99,518.0,523.99,0.32
spain,esp,2006,5.62,476.0,481.62,0.34
spain,esp,2007,5.44,482.0,487.44,0.34
spain,esp,2008,5.84,407.0,412.84,0.34
spain,esp,2009,5.71,412.0,417.71,0.35
spain,esp,2010,5.13,401.0,406.13,0.35
spain,esp,2011,5.15,385.0,390.15,0.36
spain,esp,2012,5.68,364.0,369.68,0.35
spain,esp,2013,6.22,302.0,308.22,0.36
spain,esp,2014,6.27,323.0,329.27,0.36
spain,esp,2015,5.71,302.0,307.71,0.36
spain,esp,2016,5.61,294.0,299.61,0.36
spain,esp,2017,5.77,307.0,312.77,0.35
spain,esp,2018,5.54,289.0,294.54,0.35
spain,esp,2019,5.81,331.0,336.81,0.34
spain,esp,2020,6.03,331.0,337.03,0.35
spain,esp,2021,6.2,290.0,296.2,0.34
sri lanka,lka,2006,24.44,2044.0,2068.44,0.4
sri lanka,lka,2009,19.11,1099.0,1118.11,0.36
sri lanka,lka,2012,17.01,676.0,693.01,0.39
sri lanka,lka,2016,14.58,530.0,544.58,0.39
sri lanka,lka,2019,15.21,742.0,757.21,0.38
sweden,swe,2000,11.98,96.0,107.98,0.27
sweden,swe,2001,12.75,87.0,99.75,0.27
sweden,swe,2002,12.75,101.0,113.75,0.26
sweden,swe,2003,11.82,85.0,96.82,0.25
sweden,swe,2004,11.97,107.0,118.97,0.26
sweden,swe,2005,12.71,83.0,95.71000000000001,0.27
sweden,swe,2006,12.27,91.0,103.27,0.26
sweden,swe,2007,12.0,111.0,123.0,0.27
sweden,swe,2008,12.35,82.0,94.35,0.28
sweden,swe,2009,13.02,93.0,106.02,0.27
sweden,swe,2010,11.85,91.0,102.85,0.28
sweden,swe,2011,11.8,81.0,92.8,0.28
sweden,swe,2012,12.15,68.0,80.15,0.28
sweden,swe,2013,12.97,87.0,99.97,0.29
sweden,swe,2014,12.31,87.0,99.31,0.28
sweden,swe,2015,12.4,112.0,124.4,0.29
sweden,swe,2016,11.52,106.0,117.52,0.3
sweden,swe,2017,11.96,113.0,124.96000000000001,0.29
sweden,swe,2018,12.5,108.0,120.5,0.3
sweden,swe,2019,12.53,111.0,123.53,0.29
sweden,swe,2020,11.39,124.0,135.39,0.29
sweden,swe,2021,11.74,113.0,124.74,0.3
switzerland,che,2000,15.97,69.0,84.97,0.33
switzerland,che,2002,16.09,86.0,102.09,0.32
switzerland,che,2009,12.04,51.0,63.04,0.33
switzerland,che,2010,10.59,52.0,62.59,0.33
switzerland,che,2011,10.61,46.0,56.61,0.32
switzerland,che,2012,10.58,45.0,55.58,0.32
switzerland,che,2013,10.78,57.0,67.78,0.32
switzerland,che,2014,10.1,41.0,51.1,0.33
switzerland,che,2015,10.63,57.0,67.63,0.32
switzerland,che,2016,9.92,45.0,54.92,0.33
switzerland,che,2017,10.21,45.0,55.21,0.33
switzerland,che,2018,9.96,50.0,59.96,0.33
switzerland,che,2019,9.81,46.0,55.81,0.34
switzerland,che,2020,9.81,47.0,56.81,0.34
switzerland,che,2021,9.87,42.0,51.87,0.34
syria,syr,2003,1.05,405.0,406.05,0.38
syria,syr,2006,0.84,446.0,446.84,0.4
syria,syr,2009,0.69,476.0,476.69,0.4
tajikistan,tjk,2003,4.29,164.0,168.29,0.33
tajikistan,tjk,2004,4.24,142.0,146.24,0.34
tajikistan,tjk,2007,4.14,132.0,136.14,0.32
tajikistan,tjk,2009,4.0,97.0,101.0,0.31
tanzania,tza,2011,7.97,4149.0,4156.97,0.38
tanzania,tza,2018,7.57,2734.0,2741.57,0.4
thailand,tha,2000,10.96,5142.0,5152.96,0.43
thailand,tha,2002,11.18,4538.0,4549.18,0.42
thailand,tha,2004,10.22,4273.0,4283.22,0.43
thailand,tha,2006,8.71,4687.0,4695.71,0.42
thailand,tha,2007,8.72,4435.0,4443.72,0.4
thailand,tha,2008,8.47,3974.0,3982.47,0.4
thailand,tha,2009,8.17,3703.0,3711.17,0.4
thailand,tha,2010,8.13,3654.0,3662.13,0.39
thailand,tha,2011,8.3,3307.0,3315.3,0.37
tonga,ton,2000,6.01,1.0,7.01,0.38
tonga,ton,2009,5.47,8.0,13.469999999999999,0.37
tunisia,tun,2005,3.06,260.0,263.06,0.38
tunisia,tun,2010,2.98,286.0,288.98,0.38
turkey,tur,2003,2.79,2837.0,2839.79,0.42
turkey,tur,2004,2.83,2914.0,2916.83,0.41
turkey,tur,2005,2.87,3305.0,3307.87,0.43
turkey,tur,2006,2.93,3168.0,3170.93,0.4
turkey,tur,2007,2.88,3599.0,3601.88,0.38
turkey,tur,2008,2.9,3257.0,3259.9,0.39
turkey,tur,2010,3.08,3064.0,3067.08,0.39
turkey,tur,2011,3.07,3061.0,3064.07,0.4
turkey,tur,2012,3.13,3216.0,3219.13,0.4
turkey,tur,2015,3.11,2235.0,2238.11,0.43
turkey,tur,2016,3.25,2704.0,2707.25,0.42
turkey,tur,2017,3.26,2541.0,2544.26,0.44
turkey,tur,2018,3.27,2161.0,2164.27,0.42
turkey,tur,2019,3.42,2045.0,2048.42,0.44
turkey,tur,2020,2.88,2144.0,2146.88,0.43
turkey,tur,2021,2.58,2165.0,2167.58,0.44
tuvalu,tuv,2010,19.68,1.0,20.68,0.39
uganda,uga,2009,11.47,3233.0,3244.47,0.44
uganda,uga,2012,11.04,4066.0,4077.04,0.41
uganda,uga,2016,9.66,4482.0,4491.66,0.43
uganda,uga,2019,10.57,4718.0,4728.57,0.43
ukraine,ukr,2002,27.4,4296.0,4323.4,0.29
ukraine,ukr,2003,26.16,4041.0,4067.16,0.29
ukraine,ukr,2004,24.89,3487.0,3511.89,0.29
ukraine,ukr,2005,25.59,3030.0,3055.59,0.29
ukraine,ukr,2006,23.77,2958.0,2981.77,0.3
ukraine,ukr,2007,24.18,2646.0,2670.18,0.27
ukraine,ukr,2008,23.57,2466.0,2489.57,0.27
ukraine,ukr,2009,21.52,2240.0,2261.52,0.25
ukraine,ukr,2010,20.44,1988.0,2008.44,0.25
ukraine,ukr,2012,20.02,2336.0,2356.02,0.25
ukraine,ukr,2014,21.29,2845.0,2866.29,0.24
ukraine,ukr,2017,17.86,2751.0,2768.86,0.26
ukraine,ukr,2018,19.29,2002.0,2021.29,0.26
ukraine,ukr,2019,19.02,1820.0,1839.02,0.27
ukraine,ukr,2020,17.76,1698.0,1715.76,0.26
united arab emirates,are,2013,3.19,57.0,60.19,0.33
united kingdom,gbr,2000,7.73,911.0,918.73,0.39
united kingdom,gbr,2001,7.47,964.0,971.47,0.37
united kingdom,gbr,2002,7.49,1107.0,1114.49,0.35
united kingdom,gbr,2005,7.03,835.0,842.03,0.35
united kingdom,gbr,2006,6.97,862.0,868.97,0.36
united kingdom,gbr,2007,6.71,874.0,880.71,0.34
united kingdom,gbr,2008,7.23,760.0,767.23,0.35
united kingdom,gbr,2009,7.14,703.0,710.14,0.35
united kingdom,gbr,2010,6.98,756.0,762.98,0.34
united kingdom,gbr,2011,7.54,640.0,647.54,0.33
united kingdom,gbr,2012,7.47,627.0,634.47,0.33
united kingdom,gbr,2013,7.75,602.0,609.75,0.33
united kingdom,gbr,2014,7.56,584.0,591.56,0.33
united kingdom,gbr,2015,7.69,620.0,627.69,0.33
united kingdom,gbr,2016,7.47,773.0,780.47,0.33
united kingdom,gbr,2017,7.23,780.0,787.23,0.33
united kingdom,gbr,2018,8.37,728.0,736.37,0.34
united kingdom,gbr,2019,8.69,772.0,780.69,0.33
united kingdom,gbr,2020,8.14,637.0,645.14,0.33
united kingdom,gbr,2021,8.79,757.0,765.79,0.32
united states,usa,2000,9.99,15586.0,15595.99,0.4
united states,usa,2001,10.32,19033.0,19043.32,0.41
united states,usa,2002,10.55,16229.0,16239.55,0.4
united states,usa,2006,10.59,17309.0,17319.59,0.42
united states,usa,2007,10.88,17128.0,17138.88,0.41
united states,usa,2008,11.16,16465.0,16476.16,0.41
united states,usa,2009,11.3,15399.0,15410.3,0.41
united states,usa,2010,11.63,14722.0,14733.63,0.4
united states,usa,2011,11.87,14661.0,14672.87,0.41
united states,usa,2012,12.04,14856.0,14868.04,0.41
united states,usa,2013,12.03,14319.0,14331.03,0.41
united states,usa,2014,12.38,14164.0,14176.38,0.42
united states,usa,2015,12.71,15883.0,15895.71,0.41
united states,usa,2016,12.96,17413.0,17425.96,0.41
united states,usa,2017,13.54,17294.0,17307.54,0.41
united states,usa,2018,13.67,16374.0,16387.67,0.42
united states,usa,2019,13.37,16669.0,16682.37,0.42
united states,usa,2020,13.42,21570.0,21583.42,0.4
united states,usa,2021,14.07,23062.0,23076.07,0.4
uruguay,ury,2006,13.88,202.0,215.88,0.46
uruguay,ury,2007,15.87,194.0,209.87,0.46
uruguay,ury,2008,13.58,221.0,234.58,0.45
uruguay,ury,2009,13.46,226.0,239.46,0.46
uruguay,ury,2010,14.33,205.0,219.33,0.44
uruguay,ury,2011,15.07,199.0,214.07,0.42
uruguay,ury,2012,16.19,267.0,283.19,0.4
uruguay,ury,2013,14.24,260.0,274.24,0.4
uruguay,ury,2014,15.96,268.0,283.96,0.4
uruguay,ury,2015,16.76,293.0,309.76,0.4
uruguay,ury,2016,18.84,267.0,285.84,0.4
uruguay,ury,2017,18.71,283.0,301.71,0.39
uruguay,ury,2018,20.75,421.0,441.75,0.4
uruguay,ury,2019,21.05,394.0,415.05,0.4
uruguay,ury,2020,20.59,341.0,361.59,0.4
uruguay,ury,2021,22.02,306.0,328.02,0.41
uzbekistan,uzb,2021,9.01,479.0,488.01,0.33
vanuatu,vut,2019,18.4,2.0,20.4,0.32
venezuela,ven,2001,7.55,7960.0,7967.55,0.47
venezuela,ven,2002,7.13,9617.0,9624.13,0.49
venezuela,ven,2003,7.41,11342.0,11349.41,0.48
venezuela,ven,2004,6.83,9719.0,9725.83,0.47
venezuela,ven,2005,6.41,9964.0,9970.41,0.49
venezuela,ven,2006,6.31,12257.0,12263.31,0.45
vietnam,vnm,2002,6.92,1067.0,1073.92,0.37
vietnam,vnm,2004,6.92,1063.0,1069.92,0.37
vietnam,vnm,2006,6.98,1048.0,1054.98,0.36
vietnam,vnm,2008,7.29,1092.0,1099.29,0.36
vietnam,vnm,2010,7.52,1336.0,1343.52,0.39
zambia,zmb,2010,12.14,814.0,826.14,0.52
zambia,zmb,2015,10.96,853.0,863.96,0.56
zimbabwe,zwe,2019,23.76,790.0,813.76,0.5
